ID,Description,setSize,enrichmentScore,NES,pvalue,p.adjust,qvalue,rank,leading_edge,core_enrichment
ko05171,Coronavirus disease - COVID-19,26,0.855652174,2.37159769,1.00E-10,1.00E-10,1.07E-08,192,"tags=100%, list=16%, signal=86%",K02866/K02877/K02883/K02885/K02889/K02896/K02908/K02910/K02912/K02921/K02922/K02924/K02927/K02929/K02930/K02936/K02962/K02966/K02974/K02977/K02978/K02979/K02984/K02987/K02991/K02995
ko00400,"Phenylalanine, tyrosine and tryptophan biosynthesis",16,-0.685218772,-3.048179726,9.71E-07,9.71E-07,5.21E-05,108,"tags=75%, list=9%, signal=69%",K00014/K00766/K00800/K00817/K00891/K01609/K01657/K01658/K01695/K01696/K01817/K14170
ko00860,Porphyrin metabolism,21,-0.566960052,-2.881011717,6.69E-06,6.69E-06,0.000239505,428,"tags=90%, list=36%, signal=59%",K00595/K01599/K01719/K01772/K02231/K02495/K03594/K01698/K01749/K01845/K02224/K02227/K02232/K02233/K02303/K02304/K02492/K03394/K02230
ko03010,Ribosome,79,0.53830329,1.57621146,1.61E-05,1.61E-05,0.000371419,192,"tags=35%, list=16%, signal=32%",K02866/K02869/K02877/K02883/K02885/K02889/K02896/K02908/K02910/K02912/K02921/K02922/K02924/K02927/K02929/K02930/K02936/K02944/K02962/K02966/K02974/K02977/K02978/K02979/K02984/K02987/K02991/K02995
ko03440,Homologous recombination,15,-0.632801088,-2.823422562,1.98E-05,1.98E-05,0.000371419,389,"tags=93%, list=33%, signal=63%",K01159/K02335/K02337/K02338/K02342/K02343/K03111/K03550/K03551/K03553/K03655/K04066/K06187/K07462
ko03020,RNA polymerase,13,0.756851174,1.921439124,2.08E-05,2.08E-05,0.000371419,203,"tags=77%, list=17%, signal=64%",K13798/K03041/K03042/K03047/K03049/K03051/K03053/K03055/K03056/K03058
ko00550,Peptidoglycan biosynthesis,15,-0.567130628,-2.530415071,0.000223684,0.000223684,0.003430944,453,"tags=93%, list=39%, signal=58%",K00075/K00790/K01000/K01921/K01924/K01925/K01928/K01929/K02563/K03587/K05366/K05515/K06153/K07259
ko00261,Monobactam biosynthesis,4,-0.914675768,-1.927678229,0.000272177,0.000272177,0.003652904,105,"tags=100%, list=9%, signal=91%",K00215/K00928/K01714
ko00630,Glyoxylate and dicarboxylate metabolism,24,0.619405344,1.701567625,0.000328148,0.000328148,0.003914754,71,"tags=33%, list=6%, signal=32%",K00015/K00018/K00122/K00282/K00283/K01601/K01848/K01849
ko00300,Lysine biosynthesis,11,-0.638038738,-2.438105615,0.000529295,0.000529295,0.005682952,359,"tags=91%, list=31%, signal=64%",K01778/K01928/K01929/K00003/K00133/K00215/K00821/K00928/K01586/K01714
ko00260,"Glycine, serine and threonine metabolism",23,0.609582329,1.662924461,0.000915861,0.000915861,0.008939508,36,"tags=30%, list=3%, signal=30%",K01752/K00018/K00282/K00283/K00302/K00303/K00639
ko00195,Photosynthesis,7,-0.715996578,-2.098631724,0.001615535,0.001615535,0.014454791,340,"tags=100%, list=29%, signal=72%",K02109/K02110/K02111/K02112/K02114/K02115
ko01210,2-Oxocarboxylic acid metabolism,20,-0.426638938,-2.094563518,0.003199372,0.003199372,0.026423966,122,"tags=55%, list=10%, signal=50%",K00145/K00930/K00053/K00133/K00620/K00821/K00826/K00928/K01649/K01652/K01687
ko03070,Bacterial secretion system,11,-0.540725719,-2.066248229,0.008251217,0.008251217,0.06328001,269,"tags=100%, list=23%, signal=78%",K03106/K03110/K03070/K03073/K03075/K03118/K03217/K03072/K03074/K03116
ko02010,ABC transporters,23,-0.337343078,-1.818599475,0.01307043,0.01307043,0.093556764,346,"tags=74%, list=29%, signal=53%",K02020/K02044/K02065/K02066/K02067/K06861/K09810/K01995/K01996/K01997/K01998/K01999/K02018/K02036/K02037/K02038/K02040
ko02040,Flagellar assembly,4,-0.734641638,-1.548256488,0.01616255,0.01616255,0.106350551,316,"tags=100%, list=27%, signal=73%",K02406/K02557/K03086
ko00340,Histidine metabolism,14,0.589874629,1.513583345,0.017697292,0.017697292,0.106350551,95,"tags=36%, list=8%, signal=33%",K13990/K01468/K01712/K01745/K07008
ko05022,Pathways of neurodegeneration - multiple diseases,4,0.763790379,1.456695307,0.017829357,0.017829357,0.106350551,212,"tags=75%, list=18%, signal=62%",K02927/K02977/K03237
ko03008,Ribosome biogenesis in eukaryotes,6,0.707834747,1.507059938,0.024326161,0.024326161,0.137466393,285,"tags=83%, list=24%, signal=63%",K03264/K03538/K06943/K07178/K07562
ko01502,Vancomycin resistance,5,-0.669513237,-1.539028372,0.028003899,0.028003899,0.146414145,393,"tags=100%, list=33%, signal=67%",K01775/K01921/K01929/K02563
ko00983,Drug metabolism - other enzymes,9,0.637159926,1.505103653,0.028636884,0.028636884,0.146414145,58,"tags=33%, list=5%, signal=32%",K00757/K00758/K01489
ko02024,Quorum sensing,22,-0.31616952,-1.65906893,0.031632619,0.031632619,0.154379287,269,"tags=55%, list=23%, signal=43%",K03070/K03073/K03075/K03217/K11752/K01995/K01996/K01997/K01998/K01999/K01657/K01658
ko01501,beta-Lactam resistance,3,-0.804774084,-1.571495647,0.035303461,0.035303461,0.16480334,233,"tags=100%, list=20%, signal=80%",K05366/K05515
ko00540,Lipopolysaccharide biosynthesis,5,-0.648163962,-1.489952212,0.037402201,0.037402201,0.165842035,418,"tags=100%, list=36%, signal=65%",K00748/K02535/K02536/K02843
ko03320,PPAR signaling pathway,4,0.745053693,1.42096084,0.03861518,0.03861518,0.165842035,64,"tags=50%, list=5%, signal=47%",K00864/K01596
ko04112,Cell cycle - Caulobacter,8,-0.510517131,-1.65036801,0.041021408,0.041021408,0.169400145,385,"tags=75%, list=33%, signal=51%",K01358/K02313/K02314/K02563/K03544/K03588
ko00541,O-Antigen nucleotide sugar biosynthesis,13,-0.421122178,-1.781397036,0.043488302,0.043488302,0.172935939,485,"tags=77%, list=41%, signal=46%",K01784/K04042/K00067/K00971/K01711/K00012/K00963/K01710/K01790/K01809
ko00290,"Valine, leucine and isoleucine biosynthesis",10,-0.469109703,-1.738743311,0.047397417,0.047397417,0.177476613,107,"tags=50%, list=9%, signal=46%",K00053/K00826/K01649/K01652/K01687
ko05012,Parkinson disease,4,0.736544384,1.40473195,0.047936085,0.047936085,0.177476613,212,"tags=75%, list=18%, signal=62%",K02927/K02977/K03237
